band,solved_count,total_count
1050-1099,0,1
1100-1149,0,27
1150-1199,3,130
1200-1249,8,165
1250-1299,10,160
1300-1349,22,137
1350-1399,30,138
1400-1449,25,124
1450-1499,32,100
1500-1549,33,118
1550-1599,24,85
1600-1649,31,91
1650-1699,32,101
1700-1749,70,98
1750-1799,48,98
1800-1849,32,83
1850-1899,34,91
1900-1949,22,73
1950-1999,28,68
2000-2049,25,78
2050-2099,27,88
2100-2149,26,58
2150-2199,35,55
2200-2249,23,61
2250-2299,18,52
2300-2349,12,41
2350-2399,20,57
2400-2449,14,45
2450-2499,9,35
2500-2549,10,32
2550-2599,3,21
2600-2649,10,27
2650-2699,5,21
2700-2749,2,9
2750-2799,2,7
2800-2849,2,8
2850-2899,0,6
2900-2949,1,5
2950-2999,0,1
3000-3049,2,4
3050-3099,0,1
3100-3149,1,4
